epoch,step,train_ft_loss,val_ft_loss
0,45,,0.7607927918434143
0,45,0.7607927918434143,
